Workbook

Sheet Sheet1
B1: Cora | C1: CiteSeer | D1: PubMed | E1: Photo | F1: Computers | G1: avg | H1: avg rank | I1: worst rank
A2: FP | B2: 79.35 | C2: 67.45 | D2: 75.96 | E2: 89.29 | F2: 82.19 | G2: =IF(COUNT(C2:F2)<COLUMNS(C2:F2), NA(), AVERAGE(C2:F2)) -> 78.7225 | H2: =AVERAGE(工作表1!G1:'工作表1'!K1) -> 4 | I2: =MAX(工作表1!G1:K1) -> 4
A3: PCFI | B3: 79.47 | C3: 69.87 | D3: 76.6 | E3: 89.84 | F3: 83.01 | G3: =IF(COUNT(C3:F3)<COLUMNS(C3:F3), NA(), AVERAGE(C3:F3)) -> 79.83 | H3: =AVERAGE(工作表1!G2:'工作表1'!K2) -> 1.625 | I3: =MAX(工作表1!G2:K2) -> 2
A4: APCFI | B4: 79.52 | C4: 69.68 | D4: 76.6 | E4: 89.23 | F4: 82.7 | G4: =IF(COUNT(C4:F4)<COLUMNS(C4:F4), NA(), AVERAGE(C4:F4)) -> 79.5525 | H4: =AVERAGE(工作表1!G3:'工作表1'!K3) -> 2.375 | I4: =MAX(工作表1!G3:K3) -> 3
A5: APCF* | B5: 79.48 | C5: 69.9 | D5: 76.56 | E5: 89.45 | F5: 82.4 | G5: =IF(COUNT(C5:F5)<COLUMNS(C5:F5), NA(), AVERAGE(C5:F5)) -> 79.5775 | H5: =AVERAGE(工作表1!G4:'工作表1'!K4) -> 2 | I5: =MAX(工作表1!G4:K4) -> 3

Sheet 工作表1
A1: =IF(Sheet1!C2="OOM", -9999, Sheet1!C2) -> 67.45 | B1: =IF(Sheet1!C2="OOM", -9999, Sheet1!C2) -> 67.45 | C1: =IF(Sheet1!D2="OOM", -9999, Sheet1!D2) -> 75.96 | D1: =IF(Sheet1!E2="OOM", -9999, Sheet1!E2) -> 89.29 | E1: =IF(Sheet1!F2="OOM", -9999, Sheet1!F2) -> 82.19 | G1: =_xlfn.RANK.AVG(A1, A$1:A$11, 0) -> 4 | H1: =_xlfn.RANK.AVG(B1, B$1:B$11, 0) -> 4 | I1: =_xlfn.RANK.AVG(C1, C$1:C$11, 0) -> 4 | J1: =_xlfn.RANK.AVG(E1, E$1:E$11, 0) -> 4
A2: =IF(Sheet1!C3="OOM", -9999, Sheet1!C3) -> 69.87 | B2: =IF(Sheet1!C3="OOM", -9999, Sheet1!C3) -> 69.87 | C2: =IF(Sheet1!D3="OOM", -9999, Sheet1!D3) -> 76.6 | D2: =IF(Sheet1!E3="OOM", -9999, Sheet1!E3) -> 89.84 | E2: =IF(Sheet1!F3="OOM", -9999, Sheet1!F3) -> 83.01 | G2: =_xlfn.RANK.AVG(A2, A$1:A$11, 0) -> 2 | H2: =_xlfn.RANK.AVG(B2, B$1:B$11, 0) -> 2 | I2: =_xlfn.RANK.AVG(C2, C$1:C$11, 0) -> 1.5 | J2: =_xlfn.RANK.AVG(E2, E$1:E$11, 0) -> 1
A3: =IF(Sheet1!C4="OOM", -9999, Sheet1!C4) -> 69.68 | B3: =IF(Sheet1!C4="OOM", -9999, Sheet1!C4) -> 69.68 | C3: =IF(Sheet1!D4="OOM", -9999, Sheet1!D4) -> 76.6 | D3: =IF(Sheet1!E4="OOM", -9999, Sheet1!E4) -> 89.23 | E3: =IF(Sheet1!F4="OOM", -9999, Sheet1!F4) -> 82.7 | G3: =_xlfn.RANK.AVG(A3, A$1:A$11, 0) -> 3 | H3: =_xlfn.RANK.AVG(B3, B$1:B$11, 0) -> 3 | I3: =_xlfn.RANK.AVG(C3, C$1:C$11, 0) -> 1.5 | J3: =_xlfn.RANK.AVG(E3, E$1:E$11, 0) -> 2
A4: =IF(Sheet1!C5="OOM", -9999, Sheet1!C5) -> 69.9 | B4: =IF(Sheet1!C5="OOM", -9999, Sheet1!C5) -> 69.9 | C4: =IF(Sheet1!D5="OOM", -9999, Sheet1!D5) -> 76.56 | D4: =IF(Sheet1!E5="OOM", -9999, Sheet1!E5) -> 89.45 | E4: =IF(Sheet1!F5="OOM", -9999, Sheet1!F5) -> 82.4 | G4: =_xlfn.RANK.AVG(A4, A$1:A$11, 0) -> 1 | H4: =_xlfn.RANK.AVG(B4, B$1:B$11, 0) -> 1 | I4: =_xlfn.RANK.AVG(C4, C$1:C$11, 0) -> 3 | J4: =_xlfn.RANK.AVG(E4, E$1:E$11, 0) -> 3
A5: =IF(Sheet1!B6="OOM", -9999, Sheet1!B6) -> 0 | B5: =IF(Sheet1!C6="OOM", -9999, Sheet1!C6) -> 0 | C5: =IF(Sheet1!D6="OOM", -9999, Sheet1!D6) -> 0 | D5: =IF(Sheet1!D6="OOM", -9999, Sheet1!D6) -> 0 | E5: =IF(Sheet1!E6="OOM", -9999, Sheet1!E6) -> 0 | G5: =_xlfn.RANK.AVG(A5, A$1:A$11, 0) -> 8 | H5: =_xlfn.RANK.AVG(B5, B$1:B$11, 0) -> 8 | I5: =_xlfn.RANK.AVG(C5, C$1:C$11, 0) -> 8 | J5: =_xlfn.RANK.AVG(E5, E$1:E$11, 0) -> 8
A6: =IF(Sheet1!B7="OOM", -9999, Sheet1!B7) -> 0 | B6: =IF(Sheet1!C7="OOM", -9999, Sheet1!C7) -> 0 | C6: =IF(Sheet1!D7="OOM", -9999, Sheet1!D7) -> 0 | D6: =IF(Sheet1!D7="OOM", -9999, Sheet1!D7) -> 0 | E6: =IF(Sheet1!E7="OOM", -9999, Sheet1!E7) -> 0 | G6: =_xlfn.RANK.AVG(A6, A$1:A$11, 0) -> 8 | H6: =_xlfn.RANK.AVG(B6, B$1:B$11, 0) -> 8 | I6: =_xlfn.RANK.AVG(C6, C$1:C$11, 0) -> 8 | J6: =_xlfn.RANK.AVG(E6, E$1:E$11, 0) -> 8
A7: =IF(Sheet1!B8="OOM", -9999, Sheet1!B8) -> 0 | B7: =IF(Sheet1!C8="OOM", -9999, Sheet1!C8) -> 0 | C7: =IF(Sheet1!D8="OOM", -9999, Sheet1!D8) -> 0 | D7: =IF(Sheet1!D8="OOM", -9999, Sheet1!D8) -> 0 | E7: =IF(Sheet1!E8="OOM", -9999, Sheet1!E8) -> 0 | G7: =_xlfn.RANK.AVG(A7, A$1:A$11, 0) -> 8 | H7: =_xlfn.RANK.AVG(B7, B$1:B$11, 0) -> 8 | I7: =_xlfn.RANK.AVG(C7, C$1:C$11, 0) -> 8 | J7: =_xlfn.RANK.AVG(E7, E$1:E$11, 0) -> 8
A8: =IF(Sheet1!B9="OOM", -9999, Sheet1!B9) -> 0 | B8: =IF(Sheet1!C9="OOM", -9999, Sheet1!C9) -> 0 | C8: =IF(Sheet1!D9="OOM", -9999, Sheet1!D9) -> 0 | D8: =IF(Sheet1!D9="OOM", -9999, Sheet1!D9) -> 0 | E8: =IF(Sheet1!E9="OOM", -9999, Sheet1!E9) -> 0 | G8: =_xlfn.RANK.AVG(A8, A$1:A$11, 0) -> 8 | H8: =_xlfn.RANK.AVG(B8, B$1:B$11, 0) -> 8 | I8: =_xlfn.RANK.AVG(C8, C$1:C$11, 0) -> 8 | J8: =_xlfn.RANK.AVG(E8, E$1:E$11, 0) -> 8
A9: =IF(Sheet1!B10="OOM", -9999, Sheet1!B10) -> 0 | B9: =IF(Sheet1!C10="OOM", -9999, Sheet1!C10) -> 0 | C9: =IF(Sheet1!D10="OOM", -9999, Sheet1!D10) -> 0 | D9: =IF(Sheet1!D10="OOM", -9999, Sheet1!D10) -> 0 | E9: =IF(Sheet1!E10="OOM", -9999, Sheet1!E10) -> 0 | G9: =_xlfn.RANK.AVG(A9, A$1:A$11, 0) -> 8 | H9: =_xlfn.RANK.AVG(B9, B$1:B$11, 0) -> 8 | I9: =_xlfn.RANK.AVG(C9, C$1:C$11, 0) -> 8 | J9: =_xlfn.RANK.AVG(E9, E$1:E$11, 0) -> 8
A10: =IF(Sheet1!B11="OOM", -9999, Sheet1!B11) -> 0 | B10: =IF(Sheet1!C11="OOM", -9999, Sheet1!C11) -> 0 | C10: =IF(Sheet1!D11="OOM", -9999, Sheet1!D11) -> 0 | D10: =IF(Sheet1!D11="OOM", -9999, Sheet1!D11) -> 0 | E10: =IF(Sheet1!E11="OOM", -9999, Sheet1!E11) -> 0 | G10: =_xlfn.RANK.AVG(A10, A$1:A$11, 0) -> 8 | H10: =_xlfn.RANK.AVG(B10, B$1:B$11, 0) -> 8 | I10: =_xlfn.RANK.AVG(C10, C$1:C$11, 0) -> 8 | J10: =_xlfn.RANK.AVG(E10, E$1:E$11, 0) -> 8
A11: =IF(Sheet1!B12="OOM", -9999, Sheet1!B12) -> 0 | B11: =IF(Sheet1!C12="OOM", -9999, Sheet1!C12) -> 0 | C11: =IF(Sheet1!D12="OOM", -9999, Sheet1!D12) -> 0 | D11: =IF(Sheet1!D12="OOM", -9999, Sheet1!D12) -> 0 | E11: =IF(Sheet1!E12="OOM", -9999, Sheet1!E12) -> 0 | G11: =_xlfn.RANK.AVG(A11, A$1:A$11, 0) -> 8 | H11: =_xlfn.RANK.AVG(B11, B$1:B$11, 0) -> 8 | I11: =_xlfn.RANK.AVG(C11, C$1:C$11, 0) -> 8 | J11: =_xlfn.RANK.AVG(E11, E$1:E$11, 0) -> 8
