Workbook

Sheet Sheet1
B1: Cora | C1: CiteSeer | D1: PubMed | E1: Photo | F1: Computers | G1: avg | H1: avg rank | I1: worst rank
A2: FP | B2: 0.047 | C2: 0.059 | D2: 0.0631 | E2: 0.0573 | F2: 0.0845 | G2: =IF(COUNT(B2:F2)<COLUMNS(B2:F2), NA(), AVERAGE(B2:F2)) -> 0.06218 | H2: =AVERAGE(工作表1!G1:'工作表1'!K1) -> 1 | I2: =MIN(工作表1!G1:K1) -> 1
A3: PCFI | B3: 73.401 | C3: 252.825 | D3: 31.183 | E3: 32.452 | F3: 39.987 | G3: =IF(COUNT(B3:F3)<COLUMNS(B3:F3), NA(), AVERAGE(B3:F3)) -> 85.9696 | H3: =AVERAGE(工作表1!G2:'工作表1'!K2) -> 4 | I3: =MIN(工作表1!G2:K2) -> 4
A4: APCFI | B4: 0.164 | C4: 0.352 | D4: 0.2 | E4: 0.471 | F4: 0.676 | G4: =IF(COUNT(B4:F4)<COLUMNS(B4:F4), NA(), AVERAGE(B4:F4)) -> 0.3726 | H4: =AVERAGE(工作表1!G3:'工作表1'!K3) -> 2.4 | I4: =MIN(工作表1!G3:K3) -> 2
A5: APCF* | B5: 0.191 | C5: 0.392 | D5: 0.194 | E5: 0.463 | F5: 0.724 | G5: =IF(COUNT(B5:F5)<COLUMNS(B5:F5), NA(), AVERAGE(B5:F5)) -> 0.3928 | H5: =AVERAGE(工作表1!G4:'工作表1'!K4) -> 2.6 | I5: =MIN(工作表1!G4:K4) -> 2

Sheet 工作表1
A1: =IF(Sheet1!B2="OOM", -9999, Sheet1!B2) -> 0.047 | B1: =IF(Sheet1!C2="OOM", -9999, Sheet1!C2) -> 0.059 | C1: =IF(Sheet1!D2="OOM", -9999, Sheet1!D2) -> 0.0631 | D1: =IF(Sheet1!E2="OOM", -9999, Sheet1!E2) -> 0.0573 | E1: =IF(Sheet1!F2="OOM", -9999, Sheet1!F2) -> 0.0845 | G1: =_xlfn.RANK.AVG(A1, A$1:A$11, 1) -> 1 | H1: =_xlfn.RANK.AVG(B1, B$1:B$11, 1) -> 1 | I1: =_xlfn.RANK.AVG(C1, C$1:C$11, 1) -> 1 | J1: =_xlfn.RANK.AVG(D1, D$1:D$11, 1) -> 1 | K1: =_xlfn.RANK.AVG(E1, E$1:E$11, 1) -> 1
A2: =IF(Sheet1!B3="OOM", -9999, Sheet1!B3) -> 73.401 | B2: =IF(Sheet1!C3="OOM", -9999, Sheet1!C3) -> 252.825 | C2: =IF(Sheet1!D3="OOM", -9999, Sheet1!D3) -> 31.183 | D2: =IF(Sheet1!E3="OOM", -9999, Sheet1!E3) -> 32.452 | E2: =IF(Sheet1!F3="OOM", -9999, Sheet1!F3) -> 39.987 | G2: =_xlfn.RANK.AVG(A2, A$1:A$11, 1) -> 4 | H2: =_xlfn.RANK.AVG(B2, B$1:B$11, 1) -> 4 | I2: =_xlfn.RANK.AVG(C2, C$1:C$11, 1) -> 4 | J2: =_xlfn.RANK.AVG(D2, D$1:D$11, 1) -> 4 | K2: =_xlfn.RANK.AVG(E2, E$1:E$11, 1) -> 4
A3: =IF(Sheet1!B4="OOM", -9999, Sheet1!B4) -> 0.164 | B3: =IF(Sheet1!C4="OOM", -9999, Sheet1!C4) -> 0.352 | C3: =IF(Sheet1!D4="OOM", -9999, Sheet1!D4) -> 0.2 | D3: =IF(Sheet1!E4="OOM", -9999, Sheet1!E4) -> 0.471 | E3: =IF(Sheet1!F4="OOM", -9999, Sheet1!F4) -> 0.676 | G3: =_xlfn.RANK.AVG(A3, A$1:A$11, 1) -> 2 | H3: =_xlfn.RANK.AVG(B3, B$1:B$11, 1) -> 2 | I3: =_xlfn.RANK.AVG(C3, C$1:C$11, 1) -> 3 | J3: =_xlfn.RANK.AVG(D3, D$1:D$11, 1) -> 3 | K3: =_xlfn.RANK.AVG(E3, E$1:E$11, 1) -> 2
A4: =IF(Sheet1!B5="OOM", -9999, Sheet1!B5) -> 0.191 | B4: =IF(Sheet1!C5="OOM", -9999, Sheet1!C5) -> 0.392 | C4: =IF(Sheet1!D5="OOM", -9999, Sheet1!D5) -> 0.194 | D4: =IF(Sheet1!E5="OOM", -9999, Sheet1!E5) -> 0.463 | E4: =IF(Sheet1!F5="OOM", -9999, Sheet1!F5) -> 0.724 | G4: =_xlfn.RANK.AVG(A4, A$1:A$11, 1) -> 3 | H4: =_xlfn.RANK.AVG(B4, B$1:B$11, 1) -> 3 | I4: =_xlfn.RANK.AVG(C4, C$1:C$11, 1) -> 2 | J4: =_xlfn.RANK.AVG(D4, D$1:D$11, 1) -> 2 | K4: =_xlfn.RANK.AVG(E4, E$1:E$11, 1) -> 3
