Workbook

Sheet Sheet1
B1: Cora | C1: CiteSeer | D1: PubMed | E1: Photo | F1: Computers | G1: avg | H1: avg rank | I1: worst rank
A2: Zero* | B2: 44.15 | C2: 31.68 | D2: 48.2 | E2: 79.68 | F2: 72.03 | G2: =IF(COUNT(B2:F2)<COLUMNS(B2:F2), NA(), AVERAGE(B2:F2)) -> 55.148 | H2: =AVERAGE(工作表1!G1:'工作表1'!K1) -> 8.2 | I2: =MAX(工作表1!G1:K1) -> 9
A3: LP* | B3: 74.52 | C3: 65.89 | D3: 72.25 | E3: 82.42 | F3: 76.28 | G3: =IF(COUNT(B3:F3)<COLUMNS(B3:F3), NA(), AVERAGE(B3:F3)) -> 74.272 | H3: =AVERAGE(工作表1!G2:'工作表1'!K2) -> 5 | I3: =MAX(工作表1!G2:K2) -> 7
A4: sRMGCNN* | B4: 29.31 | C4: 24.21 | D4: OOM | E4: 26.1 | F4: 37.15 | G4: =IF(COUNT(B4:F4)<COLUMNS(B4:F4), NA(), AVERAGE(B4:F4)) -> #N/A | H4: =AVERAGE(工作表1!G3:'工作表1'!K3) -> 10.6 | I4: =MAX(工作表1!G3:K3) -> 11
A5: GCNMF* | B5: 29.2 | C5: 24.5 | D5: 40.19 | E5: 26.82 | F5: 30.59 | G5: =IF(COUNT(B5:F5)<COLUMNS(B5:F5), NA(), AVERAGE(B5:F5)) -> 30.26 | H5: =AVERAGE(工作表1!G4:'工作表1'!K4) -> 10.4 | I5: =MAX(工作表1!G4:K4) -> 11
A6: PaGNN* | B6: 30.55 | C6: 25.69 | D6: 50.82 | E6: 66.91 | F6: 56.5 | G6: =IF(COUNT(B6:F6)<COLUMNS(B6:F6), NA(), AVERAGE(B6:F6)) -> 46.094 | H6: =AVERAGE(工作表1!G5:'工作表1'!K5) -> 8.8 | I6: =MAX(工作表1!G5:K5) -> 9
A7: FP* | B7: 72.84 | C7: 59.76 | D7: 72.69 | E7: 86.57 | F7: 77.42 | G7: =IF(COUNT(B7:F7)<COLUMNS(B7:F7), NA(), AVERAGE(B7:F7)) -> 73.856 | H7: =AVERAGE(工作表1!G6:'工作表1'!K6) -> 5.6 | I7: =MAX(工作表1!G6:K6) -> 6
A8: FP | B8: 72.69 | C8: 59.65 | D8: 72.67 | E8: 86.46 | F8: 77.58 | G8: =IF(COUNT(B8:F8)<COLUMNS(B8:F8), NA(), AVERAGE(B8:F8)) -> 73.81 | H8: =AVERAGE(工作表1!G7:'工作表1'!K7) -> 6.2 | I8: =MAX(工作表1!G7:K7) -> 7
A9: PCFI* | B9: 75.49 | C9: 66.18 | D9: 74.66 | E9: 87.7 | F9: 79.25 | G9: =IF(COUNT(B9:F9)<COLUMNS(B9:F9), NA(), AVERAGE(B9:F9)) -> 76.656 | H9: =AVERAGE(工作表1!G8:'工作表1'!K8) -> 1 | I9: =MAX(工作表1!G8:K8) -> 1
A10: PCFI | B10: 73.42 | C10: 62.85 | D10: 73.44 | E10: 87.44 | F10: 78.76 | G10: =IF(COUNT(B10:F10)<COLUMNS(B10:F10), NA(), AVERAGE(B10:F10)) -> 75.182 | H10: =AVERAGE(工作表1!G9:'工作表1'!K9) -> 2.7 | I10: =MAX(工作表1!G9:K9) -> 4.5
A11: APCFI | B11: 73.42 | C11: 62.29 | D11: 73.38 | E11: 87.02 | F11: 77.96 | G11: =IF(COUNT(B11:F11)<COLUMNS(B11:F11), NA(), AVERAGE(B11:F11)) -> 74.814 | H11: =AVERAGE(工作表1!G10:'工作表1'!K10) -> 3.9 | I11: =MAX(工作表1!G10:K10) -> 4.5
A12: APCF* | B12: 73.44 | C12: 62.02 | D12: 73.39 | E12: 87.24 | F12: 77.77 | G12: =IF(COUNT(B12:F12)<COLUMNS(B12:F12), NA(), AVERAGE(B12:F12)) -> 74.772 | H12: =AVERAGE(工作表1!G11:'工作表1'!K11) -> 3.6 | I12: =MAX(工作表1!G11:K11) -> 5

Sheet 工作表1
A1: =IF(Sheet1!B2="OOM", -9999, Sheet1!B2) -> 44.15 | B1: =IF(Sheet1!C2="OOM", -9999, Sheet1!C2) -> 31.68 | C1: =IF(Sheet1!D2="OOM", -9999, Sheet1!D2) -> 48.2 | D1: =IF(Sheet1!E2="OOM", -9999, Sheet1!E2) -> 79.68 | E1: =IF(Sheet1!F2="OOM", -9999, Sheet1!F2) -> 72.03 | F1: =IF(Sheet1!G2="OOM", -9999, Sheet1!G2) -> 55.148 | G1: =_xlfn.RANK.AVG(A1, A$1:A$11, 0) -> 8 | H1: =_xlfn.RANK.AVG(B1, B$1:B$11, 0) -> 8 | I1: =_xlfn.RANK.AVG(C1, C$1:C$11, 0) -> 9 | J1: =_xlfn.RANK.AVG(D1, D$1:D$11, 0) -> 8 | K1: =_xlfn.RANK.AVG(E1, E$1:E$11, 0) -> 8
A2: =IF(Sheet1!B3="OOM", -9999, Sheet1!B3) -> 74.52 | B2: =IF(Sheet1!C3="OOM", -9999, Sheet1!C3) -> 65.89 | C2: =IF(Sheet1!D3="OOM", -9999, Sheet1!D3) -> 72.25 | D2: =IF(Sheet1!E3="OOM", -9999, Sheet1!E3) -> 82.42 | E2: =IF(Sheet1!F3="OOM", -9999, Sheet1!F3) -> 76.28 | F2: =IF(Sheet1!G3="OOM", -9999, Sheet1!G3) -> 74.272 | G2: =_xlfn.RANK.AVG(A2, A$1:A$11, 0) -> 2 | H2: =_xlfn.RANK.AVG(B2, B$1:B$11, 0) -> 2 | I2: =_xlfn.RANK.AVG(C2, C$1:C$11, 0) -> 7 | J2: =_xlfn.RANK.AVG(D2, D$1:D$11, 0) -> 7 | K2: =_xlfn.RANK.AVG(E2, E$1:E$11, 0) -> 7
A3: =IF(Sheet1!B4="OOM", -9999, Sheet1!B4) -> 29.31 | B3: =IF(Sheet1!C4="OOM", -9999, Sheet1!C4) -> 24.21 | C3: =IF(Sheet1!D4="OOM", -9999, Sheet1!D4) -> -9999 | D3: =IF(Sheet1!E4="OOM", -9999, Sheet1!E4) -> 26.1 | E3: =IF(Sheet1!F4="OOM", -9999, Sheet1!F4) -> 37.15 | F3: =IF(Sheet1!G4="OOM", -9999, Sheet1!G4) -> #N/A | G3: =_xlfn.RANK.AVG(A3, A$1:A$11, 0) -> 10 | H3: =_xlfn.RANK.AVG(B3, B$1:B$11, 0) -> 11 | I3: =_xlfn.RANK.AVG(C3, C$1:C$11, 0) -> 11 | J3: =_xlfn.RANK.AVG(D3, D$1:D$11, 0) -> 11 | K3: =_xlfn.RANK.AVG(E3, E$1:E$11, 0) -> 10
A4: =IF(Sheet1!B5="OOM", -9999, Sheet1!B5) -> 29.2 | B4: =IF(Sheet1!C5="OOM", -9999, Sheet1!C5) -> 24.5 | C4: =IF(Sheet1!D5="OOM", -9999, Sheet1!D5) -> 40.19 | D4: =IF(Sheet1!E5="OOM", -9999, Sheet1!E5) -> 26.82 | E4: =IF(Sheet1!F5="OOM", -9999, Sheet1!F5) -> 30.59 | F4: =IF(Sheet1!G5="OOM", -9999, Sheet1!G5) -> 30.26 | G4: =_xlfn.RANK.AVG(A4, A$1:A$11, 0) -> 11 | H4: =_xlfn.RANK.AVG(B4, B$1:B$11, 0) -> 10 | I4: =_xlfn.RANK.AVG(C4, C$1:C$11, 0) -> 10 | J4: =_xlfn.RANK.AVG(D4, D$1:D$11, 0) -> 10 | K4: =_xlfn.RANK.AVG(E4, E$1:E$11, 0) -> 11
A5: =IF(Sheet1!B6="OOM", -9999, Sheet1!B6) -> 30.55 | B5: =IF(Sheet1!C6="OOM", -9999, Sheet1!C6) -> 25.69 | C5: =IF(Sheet1!D6="OOM", -9999, Sheet1!D6) -> 50.82 | D5: =IF(Sheet1!E6="OOM", -9999, Sheet1!E6) -> 66.91 | E5: =IF(Sheet1!F6="OOM", -9999, Sheet1!F6) -> 56.5 | F5: =IF(Sheet1!G6="OOM", -9999, Sheet1!G6) -> 46.094 | G5: =_xlfn.RANK.AVG(A5, A$1:A$11, 0) -> 9 | H5: =_xlfn.RANK.AVG(B5, B$1:B$11, 0) -> 9 | I5: =_xlfn.RANK.AVG(C5, C$1:C$11, 0) -> 8 | J5: =_xlfn.RANK.AVG(D5, D$1:D$11, 0) -> 9 | K5: =_xlfn.RANK.AVG(E5, E$1:E$11, 0) -> 9
A6: =IF(Sheet1!B7="OOM", -9999, Sheet1!B7) -> 72.84 | B6: =IF(Sheet1!C7="OOM", -9999, Sheet1!C7) -> 59.76 | C6: =IF(Sheet1!D7="OOM", -9999, Sheet1!D7) -> 72.69 | D6: =IF(Sheet1!E7="OOM", -9999, Sheet1!E7) -> 86.57 | E6: =IF(Sheet1!F7="OOM", -9999, Sheet1!F7) -> 77.42 | F6: =IF(Sheet1!G7="OOM", -9999, Sheet1!G7) -> 73.856 | G6: =_xlfn.RANK.AVG(A6, A$1:A$11, 0) -> 6 | H6: =_xlfn.RANK.AVG(B6, B$1:B$11, 0) -> 6 | I6: =_xlfn.RANK.AVG(C6, C$1:C$11, 0) -> 5 | J6: =_xlfn.RANK.AVG(D6, D$1:D$11, 0) -> 5 | K6: =_xlfn.RANK.AVG(E6, E$1:E$11, 0) -> 6
A7: =IF(Sheet1!B8="OOM", -9999, Sheet1!B8) -> 72.69 | B7: =IF(Sheet1!C8="OOM", -9999, Sheet1!C8) -> 59.65 | C7: =IF(Sheet1!D8="OOM", -9999, Sheet1!D8) -> 72.67 | D7: =IF(Sheet1!E8="OOM", -9999, Sheet1!E8) -> 86.46 | E7: =IF(Sheet1!F8="OOM", -9999, Sheet1!F8) -> 77.58 | F7: =IF(Sheet1!G8="OOM", -9999, Sheet1!G8) -> 73.81 | G7: =_xlfn.RANK.AVG(A7, A$1:A$11, 0) -> 7 | H7: =_xlfn.RANK.AVG(B7, B$1:B$11, 0) -> 7 | I7: =_xlfn.RANK.AVG(C7, C$1:C$11, 0) -> 6 | J7: =_xlfn.RANK.AVG(D7, D$1:D$11, 0) -> 6 | K7: =_xlfn.RANK.AVG(E7, E$1:E$11, 0) -> 5
A8: =IF(Sheet1!B9="OOM", -9999, Sheet1!B9) -> 75.49 | B8: =IF(Sheet1!C9="OOM", -9999, Sheet1!C9) -> 66.18 | C8: =IF(Sheet1!D9="OOM", -9999, Sheet1!D9) -> 74.66 | D8: =IF(Sheet1!E9="OOM", -9999, Sheet1!E9) -> 87.7 | E8: =IF(Sheet1!F9="OOM", -9999, Sheet1!F9) -> 79.25 | F8: =IF(Sheet1!G9="OOM", -9999, Sheet1!G9) -> 76.656 | G8: =_xlfn.RANK.AVG(A8, A$1:A$11, 0) -> 1 | H8: =_xlfn.RANK.AVG(B8, B$1:B$11, 0) -> 1 | I8: =_xlfn.RANK.AVG(C8, C$1:C$11, 0) -> 1 | J8: =_xlfn.RANK.AVG(D8, D$1:D$11, 0) -> 1 | K8: =_xlfn.RANK.AVG(E8, E$1:E$11, 0) -> 1
A9: =IF(Sheet1!B10="OOM", -9999, Sheet1!B10) -> 73.42 | B9: =IF(Sheet1!C10="OOM", -9999, Sheet1!C10) -> 62.85 | C9: =IF(Sheet1!D10="OOM", -9999, Sheet1!D10) -> 73.44 | D9: =IF(Sheet1!E10="OOM", -9999, Sheet1!E10) -> 87.44 | E9: =IF(Sheet1!F10="OOM", -9999, Sheet1!F10) -> 78.76 | F9: =IF(Sheet1!G10="OOM", -9999, Sheet1!G10) -> 75.182 | G9: =_xlfn.RANK.AVG(A9, A$1:A$11, 0) -> 4.5 | H9: =_xlfn.RANK.AVG(B9, B$1:B$11, 0) -> 3 | I9: =_xlfn.RANK.AVG(C9, C$1:C$11, 0) -> 2 | J9: =_xlfn.RANK.AVG(D9, D$1:D$11, 0) -> 2 | K9: =_xlfn.RANK.AVG(E9, E$1:E$11, 0) -> 2
A10: =IF(Sheet1!B11="OOM", -9999, Sheet1!B11) -> 73.42 | B10: =IF(Sheet1!C11="OOM", -9999, Sheet1!C11) -> 62.29 | C10: =IF(Sheet1!D11="OOM", -9999, Sheet1!D11) -> 73.38 | D10: =IF(Sheet1!E11="OOM", -9999, Sheet1!E11) -> 87.02 | E10: =IF(Sheet1!F11="OOM", -9999, Sheet1!F11) -> 77.96 | F10: =IF(Sheet1!G11="OOM", -9999, Sheet1!G11) -> 74.814 | G10: =_xlfn.RANK.AVG(A10, A$1:A$11, 0) -> 4.5 | H10: =_xlfn.RANK.AVG(B10, B$1:B$11, 0) -> 4 | I10: =_xlfn.RANK.AVG(C10, C$1:C$11, 0) -> 4 | J10: =_xlfn.RANK.AVG(D10, D$1:D$11, 0) -> 4 | K10: =_xlfn.RANK.AVG(E10, E$1:E$11, 0) -> 3
A11: =IF(Sheet1!B12="OOM", -9999, Sheet1!B12) -> 73.44 | B11: =IF(Sheet1!C12="OOM", -9999, Sheet1!C12) -> 62.02 | C11: =IF(Sheet1!D12="OOM", -9999, Sheet1!D12) -> 73.39 | D11: =IF(Sheet1!E12="OOM", -9999, Sheet1!E12) -> 87.24 | E11: =IF(Sheet1!F12="OOM", -9999, Sheet1!F12) -> 77.77 | F11: =IF(Sheet1!G12="OOM", -9999, Sheet1!G12) -> 74.772 | G11: =_xlfn.RANK.AVG(A11, A$1:A$11, 0) -> 3 | H11: =_xlfn.RANK.AVG(B11, B$1:B$11, 0) -> 5 | I11: =_xlfn.RANK.AVG(C11, C$1:C$11, 0) -> 3 | J11: =_xlfn.RANK.AVG(D11, D$1:D$11, 0) -> 3 | K11: =_xlfn.RANK.AVG(E11, E$1:E$11, 0) -> 4
